region,iteration,milliseconds
target_generation,1,8.120796
source_transform_deform_noise,1,24.294310
grid_index_construction,0,2.607649
grid_index_construction,0,5.148723
profile_metrics,0,497.995702
nearest_neighbor_search,1,234.710310
estimate_transform,1,0.357277
grid_index_construction,1,4.411896
profile_metrics,1,474.987931
nearest_neighbor_search,2,235.186566
estimate_transform,2,0.358013
grid_index_construction,2,4.321411
profile_metrics,2,477.343304
nearest_neighbor_search,3,226.806493
estimate_transform,3,0.488746
grid_index_construction,3,4.434033
profile_metrics,3,465.513420
nearest_neighbor_search,4,240.555549
estimate_transform,4,0.476783
grid_index_construction,4,5.002274
profile_metrics,4,459.141661
nearest_neighbor_search,5,218.268375
estimate_transform,5,0.349874
grid_index_construction,5,4.561979
profile_metrics,5,443.930202
nearest_neighbor_search,6,217.049631
estimate_transform,6,0.357136
grid_index_construction,6,4.269085
profile_metrics,6,478.064619
nearest_neighbor_search,7,240.966666
estimate_transform,7,0.378796
grid_index_construction,7,4.715865
profile_metrics,7,427.209612
nearest_neighbor_search,8,207.747690
estimate_transform,8,0.349684
grid_index_construction,8,4.390488
profile_metrics,8,434.701378
nearest_neighbor_search,9,202.156767
estimate_transform,9,0.383948
grid_index_construction,9,4.808045
profile_metrics,9,408.382940
nearest_neighbor_search,10,202.060588
estimate_transform,10,0.363258
grid_index_construction,10,4.844833
profile_metrics,10,438.762933
nearest_neighbor_search,11,199.883345
estimate_transform,11,0.401599
grid_index_construction,11,4.788492
profile_metrics,11,406.330749
nearest_neighbor_search,12,199.512270
estimate_transform,12,0.401580
grid_index_construction,12,4.998796
profile_metrics,12,402.726438
nearest_neighbor_search,13,202.046862
estimate_transform,13,0.543915
grid_index_construction,13,4.324802
profile_metrics,13,390.027763
nearest_neighbor_search,14,187.027714
estimate_transform,14,0.417462
grid_index_construction,14,4.571803
profile_metrics,14,390.034377
nearest_neighbor_search,15,191.754310
estimate_transform,15,0.375994
grid_index_construction,15,5.116874
profile_metrics,15,390.245468
nearest_neighbor_search,16,189.712392
estimate_transform,16,0.384042
grid_index_construction,16,4.792065
profile_metrics,16,377.485527
nearest_neighbor_search,17,187.702753
estimate_transform,17,0.527293
grid_index_construction,17,5.628521
profile_metrics,17,383.289428
nearest_neighbor_search,18,189.317133
estimate_transform,18,0.384887
grid_index_construction,18,4.307872
profile_metrics,18,380.505459
nearest_neighbor_search,19,188.378472
estimate_transform,19,0.388489
grid_index_construction,19,4.575570
profile_metrics,19,383.368317
nearest_neighbor_search,20,189.969587
estimate_transform,20,0.392097
grid_index_construction,20,4.334610
profile_metrics,20,365.904878
nearest_neighbor_search,21,186.209243
estimate_transform,21,0.400612
grid_index_construction,21,4.347958
profile_metrics,21,391.717495
nearest_neighbor_search,22,194.022155
estimate_transform,22,0.651645
grid_index_construction,22,4.628172
profile_metrics,22,369.812190
nearest_neighbor_search,23,194.351157
estimate_transform,23,0.639690
grid_index_construction,23,4.192000
profile_metrics,23,385.363556
nearest_neighbor_search,24,197.451537
estimate_transform,24,0.490013
grid_index_construction,24,4.184420
profile_metrics,24,392.095702
nearest_neighbor_search,25,206.083940
estimate_transform,25,0.476436
grid_index_construction,25,4.470252
profile_metrics,25,413.450747
nearest_neighbor_search,26,208.630986
estimate_transform,26,0.510751
grid_index_construction,26,4.486999
profile_metrics,26,412.523588
nearest_neighbor_search,27,222.222316
estimate_transform,27,0.529169
grid_index_construction,27,4.407287
profile_metrics,27,426.714888
nearest_neighbor_search,28,219.853507
estimate_transform,28,0.435022
grid_index_construction,28,4.412196
profile_metrics,28,424.786838
nearest_neighbor_search,29,219.771290
estimate_transform,29,0.464886
grid_index_construction,29,4.839441
profile_metrics,29,419.524112
nearest_neighbor_search,30,219.221672
estimate_transform,30,0.419601
grid_index_construction,30,4.444781
profile_metrics,30,416.442942
nearest_neighbor_search,31,219.718649
estimate_transform,31,0.518389
grid_index_construction,31,4.581746
profile_metrics,31,424.993760
nearest_neighbor_search,32,218.050570
estimate_transform,32,0.900992
grid_index_construction,32,4.528469
profile_metrics,32,424.778539
nearest_neighbor_search,33,213.276067
estimate_transform,33,0.418707
grid_index_construction,33,4.479445
profile_metrics,33,441.562076
nearest_neighbor_search,34,216.363862
estimate_transform,34,0.441393
grid_index_construction,34,4.592053
profile_metrics,34,449.197975
nearest_neighbor_search,35,225.392553
estimate_transform,35,0.664545
grid_index_construction,35,4.837093
profile_metrics,35,440.259350
nearest_neighbor_search,36,222.275097
estimate_transform,36,0.526092
grid_index_construction,36,4.519953
profile_metrics,36,459.945678
nearest_neighbor_search,37,209.791198
estimate_transform,37,0.551996
grid_index_construction,37,4.536745
profile_metrics,37,438.215151
nearest_neighbor_search,38,214.060674
estimate_transform,38,0.419199
grid_index_construction,38,4.286751
profile_metrics,38,435.909331
nearest_neighbor_search,39,220.441216
estimate_transform,39,0.651709
grid_index_construction,39,4.295177
profile_metrics,39,444.211641
nearest_neighbor_search,40,214.981160
estimate_transform,40,0.501872
grid_index_construction,40,4.517681
profile_metrics,40,438.263052
nearest_neighbor_search,41,218.003423
estimate_transform,41,0.756470
grid_index_construction,41,4.536886
profile_metrics,41,441.948075
nearest_neighbor_search,42,221.766995
estimate_transform,42,0.453557
grid_index_construction,42,4.543521
profile_metrics,42,439.699385
nearest_neighbor_search,43,222.818088
estimate_transform,43,0.459365
grid_index_construction,43,4.178237
profile_metrics,43,456.228658
nearest_neighbor_search,44,223.095949
estimate_transform,44,0.421261
grid_index_construction,44,4.898638
profile_metrics,44,454.542262
nearest_neighbor_search,45,224.196988
estimate_transform,45,0.434638
grid_index_construction,45,4.923088
profile_metrics,45,449.522533
viewer_render_send,0,3.222821
viewer_render_send,1,2.424675
viewer_render_send,2,9.005400
viewer_render_send,3,12.367662
viewer_render_send,4,13.515555
viewer_render_send,5,14.531098
viewer_render_send,6,12.567954
viewer_render_send,7,17.878117
viewer_render_send,8,16.148054
viewer_render_send,9,17.815715
viewer_render_send,10,18.723847
viewer_render_send,11,19.724859
viewer_render_send,12,20.787117
viewer_render_send,13,21.556387
viewer_render_send,14,22.001859
viewer_render_send,15,15.651422
viewer_render_send,16,23.113481
viewer_render_send,17,25.612049
viewer_render_send,18,25.220746
viewer_render_send,19,24.484978
viewer_render_send,20,25.855531
viewer_render_send,21,28.341450
viewer_render_send,22,26.272190
viewer_render_send,23,27.817609
viewer_render_send,24,29.839551
viewer_render_send,25,30.488012
viewer_render_send,26,31.478202
viewer_render_send,27,29.481735
viewer_render_send,28,32.676141
